Name,Direct downloads,Indirect downloads,Total
1. R6,"191,397","235,869","427,266"
2. devtools,"122,266","42,299","164,565"
3. readr,"119,770","54,582","174,352"
4. ggplot2,"118,819","273,909","392,728"
5. curl,"118,778","190,638","309,416"
6. tidyverse,"100,186","2,638","102,824"
7. viridisLite,"97,785","28,103","125,888"
8. XML,"93,408","78,104","171,512"
9. dplyr,"93,201","125,868","219,069"
10. lubridate,"86,934","38,052","124,986"
11. tidyr,"83,696","85,969","169,665"
12. RODBC,"78,929","4,064","82,993"
13. readxl,"78,657","39,188","117,845"
14. memoise,"77,870","114,113","191,983"
15. foreign,"69,661","30,854","100,515"
16. Rcpp,"68,962","383,978","452,940"
17. data.table,"66,378","108,778","175,156"
18. psych,"63,109","47,821","110,930"
19. xlsx,"58,452","2,842","61,294"
20. RMySQL,"57,653","7,438","65,091"
21. car,"57,355","80,022","137,377"
22. caret,"52,543","19,626","72,169"
23. shiny,"51,225","110,319","161,544"
24. formatR,"50,930","51,186","102,116"
25. DBI,"46,767","241,579","288,346"
26. rpart,"43,280","33,501","76,781"
27. tibble,"42,433","357,818","400,251"
28. Hmisc,"42,331","90,436","132,767"
29. rJava,"40,921","109,880","150,801"
30. boot,"40,607","17,875","58,482"
31. plotly,"36,378","17,293","53,671"
32. BH,"35,957","217,080","253,037"
33. stringi,"35,783","288,642","324,425"
34. e1071,"35,606","46,247","81,853"
35. forecast,"35,539","49,226","84,765"
36. stringr,"35,336","284,097","319,433"
37. cluster,"35,155","21,556","56,711"
38. backports,"35,080","147,799","182,879"
39. glmnet,"34,884","17,282","52,166"
40. Matrix,"33,529","70,403","103,932"
41. wordcloud,"33,164","6,652","39,816"
42. lmtest,"32,939","53,061","86,000"
43. assertthat,"32,306","217,559","249,865"
44. randomForest,"32,113","21,080","53,193"
45. reshape2,"31,906","230,319","262,225"
46. irlba,"31,495","52,584","84,079"
47. plyr,"31,383","245,962","277,345"
48. igraph,"29,751","45,915","75,666"
49. gridExtra,"28,611","93,600","122,211"
50. quantmod,"28,313","9,626","37,939"
51. ggmap,"27,970","1,730","29,700"
52. jsonlite,"27,546","253,646","281,192"
53. RcppArmadillo,"27,476","82,303","109,779"
54. RcppEigen,"27,475","123,173","150,648"
55. lme4,"27,164","118,087","145,251"
56. caTools,"27,063","117,731","144,794"
57. RColorBrewer,"26,929","221,510","248,439"
58. matrixStats,"26,108","7,396","33,504"
59. plotrix,"25,148","19,746","44,894"
60. rsconnect,"24,835","2,142","26,977"
61. corrplot,"24,470","3,304","27,774"
62. xtable,"24,068","120,485","144,553"
63. gplots,"23,975","35,472","59,447"
64. scales,"23,858","231,565","255,423"
65. mgcv,"23,827","15,476","39,303"
66. mclust,"23,766","28,768","52,534"
67. swirl,"23,565",243,"23,808"
68. viridis,"23,551","91,146","114,697"
69. RCurl,"23,487","71,253","94,740"
70. XLConnect,"23,042",336,"23,378"
71. installr,"22,549",199,"22,748"
72. sqldf,"22,437",922,"23,359"
73. htmltools,"21,334","229,570","250,904"
74. zoo,"21,018","135,549","156,567"
75. base64enc,"20,760","151,430","172,190"
76. yaml,"20,674","174,731","195,405"
77. labeling,"20,589","191,165","211,754"
78. MASS,"20,431","78,074","98,505"
79. rgl,"20,361","37,932","58,293"
80. openssl,"20,350","148,870","169,220"
81. digest,"20,235","280,828","301,063"
82. munsell,"19,978","196,739","216,717"
83. rattle,"19,788",714,"20,502"
84. flexmix,"19,719","28,065","47,784"
85. futile.logger,"19,272","3,939","23,211"
86. rvest,"18,986","31,706","50,692"
87. reshape,"18,919","32,766","51,685"
88. purrr,"18,815","72,985","91,800"
89. DT,"18,748","13,659","32,407"
90. progress,"18,706","1,796","20,502"
91. snow,"18,643","7,299","25,942"
92. tm,"18,445","30,353","48,798"
93. mime,"18,434","198,905","217,339"
94. scatterplot3d,"18,223","25,691","43,914"
95. haven,"18,167","30,742","48,909"
96. rpart.plot,"18,156","5,975","24,131"
97. highr,"17,103","142,822","159,925"
98. rlang,"16,747","133,555","150,302"
99. packrat,"16,523","14,808","31,331"
100. ggthemes,"16,460","3,009","19,469"
101. magrittr,"16,450","254,543","270,993"
102. evaluate,"16,301","159,907","176,208"
103. gtable,"16,098","200,241","216,339"
104. GGally,"15,787","6,515","22,302"
105. locfit,"15,699","6,780","22,479"
106. leaps,"15,418","21,910","37,328"
107. rgdal,"15,324","28,393","43,717"
108. SparseM,"15,264","120,832","136,096"
109. broom,"15,189","37,403","52,592"
110. colorspace,"15,049","220,969","236,018"
111. RWeka,"15,048","5,496","20,544"
112. rjson,"15,035","38,656","53,691"
113. gmodels,"14,948","13,922","28,870"
114. quantreg,"14,636","113,968","128,604"
115. party,"14,423","9,980","24,403"
116. pROC,"14,262","7,601","21,863"
117. shinydashboard,"14,201",556,"14,757"
118. rprojroot,"14,058","111,607","125,665"
119. tseries,"14,027","44,257","58,284"
120. rmarkdown,"13,885","163,192","177,077"
121. codetools,"13,827","6,733","20,560"
122. doParallel,"13,129","61,849","74,978"
123. hms,"13,101","114,487","127,588"
124. pryr,"13,089","3,734","16,823"
125. openxlsx,"13,024","2,848","15,872"
126. RJSONIO,"12,973","24,726","37,699"
127. sourcetools,"12,944","114,018","126,962"
128. RSQLite,"12,935","49,484","62,419"
129. multcomp,"12,827","37,080","49,907"
130. stargazer,"12,806",326,"13,132"
131. ISLR,"12,647",5,"12,652"
132. nortest,"12,631","4,981","17,612"
133. remotes,"12,587",30,"12,617"
134. moments,"12,541","1,917","14,458"
135. httr,"12,519","163,650","176,169"
136. twitteR,"12,364",638,"13,002"
137. KoNLP,"12,146",9,"12,155"
138. xgboost,"11,972",708,"12,680"
139. ROCR,"11,904","16,627","28,531"
140. mvtnorm,"11,857","88,771","100,628"
141. survival,"11,842","79,179","91,021"
142. bit64,"11,764","13,971","25,735"
143. nloptr,"11,735","97,274","109,009"
144. archdata,"11,698",0,"11,698"
145. tree,"11,512","2,609","14,121"
146. raster,"11,494","23,634","35,128"
147. leaflet,"11,482","4,277","15,759"
148. neuralnet,"11,463","2,225","13,688"
149. knitr,"11,455","209,107","220,562"
150. arules,"11,449","7,205","18,654"
151. fields,"11,417","16,925","28,342"
152. lazyeval,"11,388","293,455","304,843"
153. whisker,"11,345","79,041","90,386"
154. httpuv,"11,315","99,202","110,517"
155. RPostgreSQL,"11,279","5,374","16,653"
156. sparklyr,"11,228",389,"11,617"
157. gbm,"11,042","5,905","16,947"
158. xlsxjars,"11,041","37,881","48,922"
159. gridBase,"10,980","51,734","62,714"
160. h2o,"10,918",520,"11,438"
161. minqa,"10,866","92,837","103,703"
162. effects,"10,579","8,101","18,680"
163. git2r,"10,531","80,656","91,187"
164. mice,"10,507","9,326","19,833"
165. spatstat.utils,"10,496",163,"10,659"
166. ade4,"10,433","11,855","22,288"
167. latticeExtra,"10,355","70,271","80,626"
168. nycflights13,"10,340","6,813","17,153"
169. acepack,"10,207","65,347","75,554"
170. rstudioapi,"10,191","81,201","91,392"
171. RJDBC,"10,159",698,"10,857"
172. kernlab,"10,158","32,951","43,109"
173. corrgram,"10,094","1,073","11,167"
174. Cairo,"9,944","4,032","13,976"
175. vegan,"9,677","17,011","26,688"
176. cellranger,"9,641","90,768","100,409"
177. ggrepel,"9,631","10,217","19,848"
178. lattice,"9,593","59,942","69,535"
179. agricolae,"9,588",950,"10,538"
180. arulesViz,"9,560","5,430","14,990"
181. bitops,"9,464","157,109","166,573"
182. markdown,"9,454","194,910","204,364"
183. FactoMineR,"9,261","6,787","16,048"
184. maps,"9,148","44,419","53,567"
185. stringdist,"9,069","9,837","18,906"
186. NMF,"8,990","55,014","64,004"
187. png,"8,982","44,477","53,459"
188. sem,"8,960","12,947","21,907"
189. roxygen2,"8,908","14,157","23,065"
190. Formula,"8,862","74,072","82,934"
191. PerformanceAnalytics,"8,851","4,234","13,085"
192. StatMatch,"8,845",363,"9,208"
193. DiagrammeR,"8,832","3,954","12,786"
194. vcd,"8,751","20,722","29,473"
195. ape,"8,705","16,379","25,084"
196. sp,"8,677","73,697","82,374"
197. TTR,"8,657","20,394","29,051"
198. ggvis,"8,647",335,"8,982"
199. pastecs,"8,587",215,"8,802"
200. gtools,"8,586","74,701","83,287"
201. rngtools,"8,560","55,532","64,092"
202. crosstalk,"8,542","40,856","49,398"
203. class,"8,523","3,613","12,136"
204. xml2,"8,510","68,426","76,936"
205. htmlwidgets,"8,479","125,245","133,724"
206. downloader,"8,473","1,190","9,663"
207. R.utils,"8,449","15,956","24,405"
208. dichromat,"8,428","202,744","211,172"
209. fitdistrplus,"8,406","1,267","9,673"
210. mnormt,"8,329","70,112","78,441"
211. mlbench,"8,304","10,674","18,978"
212. dendextend,"8,248","21,422","29,670"
213. BDgraph,"8,247",102,"8,349"
214. htmlTable,"8,211","69,528","77,739"
215. lsmeans,"8,139","5,399","13,538"
216. googleVis,"8,089","1,587","9,676"
217. jpeg,"8,021","32,419","40,440"
218. qdap,"8,006","3,014","11,020"
219. spdep,"7,987","15,893","23,880"
220. plm,"7,922","6,232","14,154"
221. rticles,"7,914",12,"7,926"
222. maptools,"7,824","33,020","40,844"
223. optparse,"7,714",5,"7,719"
224. SnowballC,"7,696","15,463","23,159"
225. pracma,"7,688","1,232","8,920"
226. pacman,"7,617",65,"7,682"
227. crayon,"7,608","56,571","64,179"
228. openNLPdata,"7,593","7,479","15,072"
229. Rcmdr,"7,592","11,140","18,732"
230. TH.data,"7,414","41,202","48,616"
231. manipulate,"7,387","3,796","11,183"
232. rappdirs,"7,376","8,771","16,147"
233. cowplot,"7,348",231,"7,579"
234. arm,"7,342","17,563","24,905"
235. visNetwork,"7,319","6,391","13,710"
236. cubature,"7,311","6,099","13,410"
237. hexbin,"7,298","41,196","48,494"
238. quadprog,"7,229","54,295","61,524"
239. corpcor,"7,161","14,499","21,660"
240. rgeos,"7,155","21,383","28,538"
241. fmsb,"7,146",5,"7,151"
242. pwr,"7,141",855,"7,996"
243. rjags,"7,126","4,169","11,295"
244. statmod,"7,125","5,090","12,215"
245. Lahman,"7,074","5,284","12,358"
246. aplpack,"7,072","2,259","9,331"
247. VGAM,"6,916","7,299","14,215"
248. klaR,"6,888","8,106","14,994"
249. pheatmap,"6,834",285,"7,119"
250. expm,"6,826","28,841","35,667"
251. abind,"6,810","47,529","54,339"
252. segmented,"6,771","6,734","13,505"
253. expsmooth,"6,769","38,293","45,062"
254. ggfortify,"6,748",1,"6,749"
255. factoextra,"6,693",181,"6,874"
256. officer,"6,692",0,"6,692"
257. gdata,"6,690","72,602","79,292"
258. actuar,"6,660","1,853","8,513"
259. robustbase,"6,591","38,009","44,600"
260. extrafont,"6,556","2,943","9,499"
261. hunspell,"6,551","8,744","15,295"
262. pbdZMQ,"6,467",41,"6,508"
263. VIM,"6,454","4,461","10,915"
264. vars,"6,414","1,934","8,348"
265. DEoptimR,"6,396","35,487","41,883"
266. doBy,"6,388","1,512","7,900"
267. seriation,"6,387","14,424","20,811"
268. functional,"6,366",886,"7,252"
269. praise,"6,333","49,013","55,346"
270. TSA,"6,324","1,134","7,458"
271. rugarch,"6,254","1,649","7,903"
272. fGarch,"6,227","2,352","8,579"
273. C50,"6,226","1,895","8,121"
274. lmerTest,"6,198","2,474","8,672"
275. pls,"6,180","9,752","15,932"
276. sandwich,"6,131","61,583","67,714"
277. PowerTOST,"6,111",109,"6,220"
278. sf,"6,095","6,079","12,174"
279. dataRetrieval,"6,083",113,"6,196"
280. bit,"6,063","20,200","26,263"
281. nlme,"6,047","40,583","46,630"
282. faraway,"6,046",900,"6,946"
283. pander,"6,041","3,516","9,557"
284. spatial,"6,036",356,"6,392"
285. RWekajars,"6,026","8,328","14,354"
286. iterators,"6,009","105,168","111,177"
287. brew,"6,005","23,354","29,359"
288. hash,"6,005","3,854","9,859"
289. nnet,"5,958","10,740","16,698"
290. geosphere,"5,943","20,466","26,409"
291. shinythemes,"5,934","1,936","7,870"
292. dummies,"5,923",147,"6,070"
293. forcats,"5,922","27,509","33,431"
294. dygraphs,"5,919","2,013","7,932"
295. seqinr,"5,913","2,880","8,793"
296. imager,"5,905",26,"5,931"
297. BMA,"5,891",878,"6,769"
298. UsingR,"5,884",4,"5,888"
299. drat,"5,868",0,"5,868"
300. tidytext,"5,841",449,"6,290"
301. pbkrtest,"5,821","101,622","107,443"
302. NLP,"5,821","26,005","31,826"
303. animation,"5,793","4,998","10,791"
304. interval,"5,777",213,"5,990"
305. rms,"5,755","12,470","18,225"
306. gam,"5,723","6,758","12,481"
307. topicmodels,"5,677","1,557","7,234"
308. mailR,"5,664",0,"5,664"
309. pscl,"5,650","2,116","7,766"
310. LTRCtrees,"5,641",0,"5,641"
311. plogr,"5,628","49,264","54,892"
312. CFC,"5,619",0,"5,619"
313. np,"5,605","1,586","7,191"
314. AER,"5,572","8,121","13,693"
315. DMwR,"5,570",54,"5,624"
316. chron,"5,526","38,951","44,477"
317. Rserve,"5,492","1,045","6,537"
318. bibliometrix,"5,441",0,"5,441"
319. FNN,"5,427","12,528","17,955"
320. rio,"5,417",454,"5,871"
321. Rfacebook,"5,399",160,"5,559"
322. AID,"5,390",0,"5,390"
323. Rtsne,"5,381",94,"5,475"
324. crs,"5,375",91,"5,466"
325. deSolve,"5,343","6,754","12,097"
326. ncdf4,"5,343","2,891","8,234"
327. xts,"5,329","47,295","52,624"
328. Amelia,"5,293","1,385","6,678"
329. goftest,"5,275","5,471","10,746"
330. partykit,"5,263","6,804","12,067"
331. commonmark,"5,255","12,259","17,514"
332. deldir,"5,248","23,625","28,873"
333. plot3D,"5,234",814,"6,048"
334. RGtk2,"5,227","10,218","15,445"
335. shinyjs,"5,216","5,999","11,215"
336. eha,"5,178",905,"6,083"
337. rematch,"5,170","93,763","98,933"
338. gapminder,"5,163","1,629","6,792"
339. bookdown,"5,118",383,"5,501"
340. ellipse,"5,041","18,914","23,955"
341. dplR,"5,037",134,"5,171"
342. dtplyr,"5,035","4,207","9,242"
343. R.methodsS3,"4,992","22,811","27,803"
344. VennDiagram,"4,992",315,"5,307"
345. uuid,"4,989","6,781","11,770"
346. ranger,"4,956","1,744","6,700"
347. sampling,"4,948",415,"5,363"
348. config,"4,938","4,502","9,440"
349. rstan,"4,898","6,114","11,012"
350. wordcloud2,"4,896",480,"5,376"
351. classInt,"4,890","5,699","10,589"
352. coda,"4,887","48,350","53,237"
353. rgexf,"4,886","6,304","11,190"
354. doRNG,"4,884","1,244","6,128"
355. spatstat,"4,855","6,905","11,760"
356. getopt,"4,837","4,406","9,243"
357. miniUI,"4,835","11,954","16,789"
358. desc,"4,780","12,684","17,464"
359. fpc,"4,725","26,968","31,693"
360. networkD3,"4,709",664,"5,373"
361. googlesheets,"4,686",0,"4,686"
362. RgoogleMaps,"4,676","17,460","22,136"
363. proto,"4,650","36,693","41,343"
364. quanteda,"4,645",830,"5,475"
365. data.tree,"4,636",524,"5,160"
366. hwriter,"4,625","1,388","6,013"
367. MuMIn,"4,593",637,"5,230"
368. dismo,"4,560","2,255","6,815"
369. sde,"4,542",238,"4,780"
370. brms,"4,483",788,"5,271"
371. survey,"4,480","8,099","12,579"
372. bayesLife,"4,473",214,"4,687"
373. glmmML,"4,451",922,"5,373"
374. BiodiversityR,"4,448",0,"4,448"
375. future,"4,446","1,338","5,784"
376. urca,"4,444","7,807","12,251"
377. Quandl,"4,443","1,159","5,602"
378. mixOmics,"4,436","1,904","6,340"
379. readstata13,"4,435",0,"4,435"
380. MatrixModels,"4,425","95,003","99,428"
381. ks,"4,396","6,124","10,520"
382. DescTools,"4,388","1,651","6,039"
383. lpSolve,"4,366","11,317","15,683"
384. ca,"4,358","1,585","5,943"
385. astsa,"4,356",80,"4,436"
386. ModelMetrics,"4,331","37,057","41,388"
387. checkmate,"4,317","73,633","77,950"
388. rworldmap,"4,315",810,"5,125"
389. proxy,"4,306","8,236","12,542"
390. influenceR,"4,268","5,794","10,062"
391. DAAG,"4,242","1,468","5,710"
392. selectr,"4,189","38,499","42,688"
393. NbClust,"4,174",33,"4,207"
394. fastcluster,"4,164","2,135","6,299"
395. ez,"4,162",203,"4,365"
396. combinat,"4,157","16,846","21,003"
397. pbapply,"4,135","4,824","8,959"
398. fracdiff,"4,128","24,432","28,560"
399. slam,"4,121","30,567","34,688"
400. mixtools,"4,116",67,"4,183"
401. rnoaa,"4,110",6,"4,116"
402. flexdashboard,"4,084",0,"4,084"
403. modeltools,"4,074","43,618","47,692"
404. base64,"4,067","1,749","5,816"
405. aws.s3,"4,058",527,"4,585"
406. highcharter,"4,014",0,"4,014"
407. foreach,"4,013","107,579","111,592"
408. sendmailR,"4,002","1,014","5,016"
409. RANN,"3,980","5,887","9,867"
410. R.matlab,"3,966",410,"4,376"
411. memisc,"3,963","1,630","5,593"
412. prabclus,"3,953","24,266","28,219"
413. MCMCpack,"3,941","4,262","8,203"
414. nleqslv,"3,938",422,"4,360"
415. TeachingDemos,"3,903","9,059","12,962"
416. grpreg,"3,848",332,"4,180"
417. survminer,"3,816",0,"3,816"
418. plotmo,"3,802","6,563","10,365"
419. fftwtools,"3,800",604,"4,404"
420. outliers,"3,793",256,"4,049"
421. matrixcalc,"3,784","12,630","16,414"
422. MNP,"3,781",0,"3,781"
423. vioplot,"3,781",788,"4,569"
424. coin,"3,779","21,618","25,397"
425. FSA,"3,775",874,"4,649"
426. lavaan,"3,769","11,364","15,133"
427. LearnBayes,"3,759","12,331","16,090"
428. Rmisc,"3,755",25,"3,780"
429. tcltk2,"3,733","10,837","14,570"
430. gridSVG,"3,733",744,"4,477"
431. Epi,"3,728","1,392","5,120"
432. permute,"3,723","14,281","18,004"
433. markovchain,"3,723",312,"4,035"
434. pdftools,"3,721","1,580","5,301"
435. openNLP,"3,714","4,947","8,661"
436. V8,"3,714","6,228","9,942"
437. timeDate,"3,696","36,475","40,171"
438. epitools,"3,688","2,703","6,391"
439. RTextTools,"3,684",15,"3,699"
440. descr,"3,683","1,183","4,866"
441. MatchIt,"3,670","1,653","5,323"
442. OpenMx,"3,658","3,962","7,620"
443. IRdisplay,"3,656",968,"4,624"
444. GlobalOptions,"3,645","5,625","9,270"
445. Metrics,"3,641",16,"3,657"
446. lsr,"3,629",15,"3,644"
447. profvis,"3,566",6,"3,572"
448. calibrate,"3,546",382,"3,928"
449. gsubfn,"3,519","14,667","18,186"
450. ipred,"3,510","7,626","11,136"
451. aod,"3,507",534,"4,041"
452. gmp,"3,481","7,221","10,702"
453. GPArotation,"3,450","4,491","7,941"
454. sm,"3,415","4,620","8,035"
455. circlize,"3,399","3,731","7,130"
456. pkgconfig,"3,389",3,"3,392"
457. mlogit,"3,387","1,585","4,972"
458. GGIR,"3,368",0,"3,368"
459. fastmatch,"3,356","12,747","16,103"
460. ReporteRs,"3,353",268,"3,621"
461. qcc,"3,339",453,"3,792"
462. msm,"3,333","5,328","8,661"
463. cba,"3,315","1,589","4,904"
464. trimcluster,"3,305","24,441","27,746"
465. gss,"3,305","10,187","13,492"
466. bootstrap,"3,278",481,"3,759"
467. RSelenium,"3,277","1,287","4,564"
468. BSDA,"3,272","1,748","5,020"
469. GetoptLong,"3,258",12,"3,270"
470. bbmle,"3,257","2,021","5,278"
471. gdtools,"3,250","9,195","12,445"
472. texreg,"3,249","1,207","4,456"
473. rex,"3,246","15,335","18,581"
474. TSP,"3,236","12,401","15,637"
475. lars,"3,232","4,819","8,051"
476. filehash,"3,230","5,418","8,648"
477. microbenchmark,"3,224","6,988","10,212"
478. crul,"3,217","4,464","7,681"
479. lintr,"3,210","6,767","9,977"
480. gclus,"3,207","12,727","15,934"
481. WriteXLS,"3,206",93,"3,299"
482. magick,"3,204","1,709","4,913"
483. amap,"3,195","1,744","4,939"
484. ggdendro,"3,181","5,672","8,853"
485. shinyBS,"3,181",714,"3,895"
486. geojsonlint,"3,177",192,"3,369"
487. mapview,"3,160","2,561","5,721"
488. tiff,"3,137",645,"3,782"
489. imputeTS,"3,108",117,"3,225"
490. cmprsk,"3,108","3,608","6,716"
491. modelr,"3,103","29,572","32,675"
492. QuantPsyc,"3,099",0,"3,099"
493. sas7bdat,"3,091",228,"3,319"
494. FinTS,"3,086",85,"3,171"
495. RcmdrMisc,"3,052","11,108","14,160"
496. glue,"3,051",49,"3,100"
497. mlr,"3,049",790,"3,839"
498. qgraph,"3,045","4,905","7,950"
499. bindrcpp,"2,995",0,"2,995"
500. corpus,"2,993",3,"2,996"
501. mcmc,"2,985","5,338","8,323"
502. pgirmess,"2,961",456,"3,417"
503. dtt,"2,954","1,717","4,671"
504. rrcov,"2,950","6,188","9,138"
505. registry,"2,938","63,811","66,749"
506. ff,"2,938","5,939","8,877"
507. timeSeries,"2,926","14,568","17,494"
508. webshot,"2,926","5,313","8,239"
509. mapdata,"2,924","4,866","7,790"
510. mi,"2,920","11,579","14,499"
511. WGCNA,"2,910",165,"3,075"
512. treemap,"2,906",129,"3,035"
513. splancs,"2,897","5,763","8,660"
514. cairoDevice,"2,887","3,997","6,884"
515. FSelector,"2,886",390,"3,276"
516. Rglpk,"2,878","2,598","5,476"
517. numDeriv,"2,875","32,547","35,422"
518. akima,"2,874","4,005","6,879"
519. kknn,"2,854","1,459","4,313"
520. adabag,"2,851",879,"3,730"
521. dbscan,"2,839",136,"2,975"
522. PortfolioAnalytics,"2,813",0,"2,813"
523. withr,"2,806","87,963","90,769"
524. HH,"2,799",304,"3,103"
525. mosaic,"2,784","5,393","8,177"
526. unmarked,"2,778","1,498","4,276"
527. glmmLasso,"2,776",0,"2,776"
528. kohonen,"2,768",831,"3,599"
529. XLConnectJars,"2,753","19,868","22,621"
530. ineq,"2,748",829,"3,577"
531. aSPU,"2,746",5,"2,751"
532. RH2,"2,737",459,"3,196"
533. logistf,"2,736",43,"2,779"
534. spam,"2,729","16,123","18,852"
535. clusterSim,"2,719",592,"3,311"
536. HardyWeinberg,"2,717",474,"3,191"
537. qap,"2,708","12,073","14,781"
538. fBasics,"2,687","12,286","14,973"
539. rscala,"2,685",626,"3,311"
540. anytime,"2,674",0,"2,674"
541. dtwclust,"2,663",0,"2,663"
542. interplot,"2,662",0,"2,662"
543. feather,"2,657",467,"3,124"
544. epiR,"2,646",283,"2,929"
545. ggpubr,"2,645","7,009","9,654"
546. splitstackshape,"2,640",2,"2,642"
547. StanHeaders,"2,623","11,834","14,457"
548. units,"2,614","8,366","10,980"
549. SDMTools,"2,610",717,"3,327"
550. ElemStatLearn,"2,602",177,"2,779"
551. modeest,"2,591","1,693","4,284"
552. prophet,"2,581",0,"2,581"
553. arulesSequences,"2,578",0,"2,578"
554. repr,"2,557","3,279","5,836"
555. HSAUR,"2,555","1,021","3,576"
556. stabledist,"2,536","11,761","14,297"
557. maxLik,"2,534","6,051","8,585"
558. mirt,"2,534","1,656","4,190"
559. choroplethr,"2,531",72,"2,603"
560. ISwR,"2,527","2,456","4,983"
561. KernSmooth,"2,523","4,846","7,369"
562. snowfall,"2,521","1,776","4,297"
563. ltm,"2,519",719,"3,238"
564. RVAideMemoire,"2,517",989,"3,506"
565. gsl,"2,515","5,594","8,109"
566. phangorn,"2,507","2,909","5,416"
567. doMC,"2,499",873,"3,372"
568. formattable,"2,498",107,"2,605"
569. mapproj,"2,478","27,676","30,154"
570. mvoutlier,"2,473","1,566","4,039"
571. pvclust,"2,460",774,"3,234"
572. doSNOW,"2,457",401,"2,858"
573. BAS,"2,448",0,"2,448"
574. beanplot,"2,445",28,"2,473"
575. optimx,"2,438","2,833","5,271"
576. metafor,"2,437","1,045","3,482"
577. directlabels,"2,436",300,"2,736"
578. rredis,"2,425",967,"3,392"
579. R2jags,"2,406",969,"3,375"
580. minpack.lm,"2,392","2,053","4,445"
581. gvlma,"2,392",214,"2,606"
582. tigris,"2,378","1,638","4,016"
583. rpivotTable,"2,376",28,"2,404"
584. servr,"2,372",785,"3,157"
585. missForest,"2,371",960,"3,331"
586. lawstat,"2,370",39,"2,409"
587. CADStat,"2,367",0,"2,367"
588. PKI,"2,365","16,923","19,288"
589. lsa,"2,359",267,"2,626"
590. kdecopula,"2,353",965,"3,318"
591. recommenderlab,"2,351",118,"2,469"
592. date,"2,347","1,144","3,491"
593. pegas,"2,334","1,580","3,914"
594. rversions,"2,310","5,071","7,381"
595. robust,"2,307","2,466","4,773"
596. plotKML,"2,307",611,"2,918"
597. aws.signature,"2,307","1,244","3,551"
598. semTools,"2,292","3,069","5,361"
599. miscTools,"2,289","7,619","9,908"
600. ResourceSelection,"2,283",166,"2,449"
601. rafalib,"2,267",0,"2,267"
602. RInside,"2,265",0,"2,265"
603. CHNOSZ,"2,262",16,"2,278"
604. bnlearn,"2,260",178,"2,438"
605. d3r,"2,260",342,"2,602"
606. chemometrics,"2,259",356,"2,615"
607. R2HTML,"2,256","3,174","5,430"
608. copula,"2,256","1,620","3,876"
609. ffbase,"2,255","2,695","4,950"
610. AICcmodavg,"2,245",992,"3,237"
611. rlist,"2,244","2,981","5,225"
612. clusterSEs,"2,240",0,"2,240"
613. mombf,"2,236",0,"2,236"
614. flexclust,"2,223","2,110","4,333"
615. bizdays,"2,215",0,"2,215"
616. multcompView,"2,213","3,257","5,470"
617. truncnorm,"2,212","7,052","9,264"
618. Zelig,"2,207","2,602","4,809"
619. RcppParallel,"2,201","5,791","7,992"
620. gcookbook,"2,197",20,"2,217"
621. gstat,"2,195","7,942","10,137"
622. dynlm,"2,195","3,283","5,478"
623. BIFIEsurvey,"2,194",259,"2,453"
624. hydroGOF,"2,188",155,"2,343"
625. MVN,"2,174",14,"2,188"
626. nFactors,"2,165",70,"2,235"
627. RandomFields,"2,165","3,924","6,089"
628. clickstream,"2,165",0,"2,165"
629. Directional,"2,156",0,"2,156"
630. nor1mix,"2,154",797,"2,951"
631. entropy,"2,145","1,922","4,067"
632. MixSim,"2,131",45,"2,176"
633. matlab,"2,126","1,391","3,517"
634. questionr,"2,123",435,"2,558"
635. RSNNS,"2,123",576,"2,699"
636. bigQueryR,"2,121",523,"2,644"
637. ROAuth,"2,116","3,257","5,373"
638. tsne,"2,112",266,"2,378"
639. AUC,"2,111",689,"2,800"
640. ggplot2movies,"2,098","5,452","7,550"
641. pcaPP,"2,094","9,568","11,662"
642. BBmisc,"2,092","4,183","6,275"
643. amen,"2,084",0,"2,084"
644. meta,"2,078",399,"2,477"
645. AppliedPredictiveModeling,"2,054",0,"2,054"
646. GWmodel,"2,053",0,"2,053"
647. polspline,"2,050","8,277","10,327"
648. openintro,"2,047",43,"2,090"
649. GISTools,"2,038",12,"2,050"
650. ada,"2,037","2,351","4,388"
651. GA,"2,028",935,"2,963"
652. svglite,"2,027","6,488","8,515"
653. network,"2,018","11,600","13,618"
654. fpp,"2,017","20,002","22,019"
655. mfx,"2,017",10,"2,027"
656. bdsmatrix,"2,007","9,925","11,932"
657. visreg,"2,006",0,"2,006"
658. MCMCglmm,"1,998","1,231","3,229"
659. geepack,"1,997","3,990","5,987"
660. ROSE,"1,993",0,"1,993"
661. biotools,"1,990",38,"2,028"
662. labelled,"1,985",0,"1,985"
663. rPython,"1,978",43,"2,021"
664. opencpu,"1,970",75,"2,045"
665. infotheo,"1,965",149,"2,114"
666. s20x,"1,959",141,"2,100"
667. IsoplotR,"1,956",0,"1,956"
668. zipcode,"1,956",381,"2,337"
669. EnvStats,"1,955",138,"2,093"
670. configr,"1,955",151,"2,106"
671. RGA,"1,942",0,"1,942"
672. ROracle,"1,937",38,"1,975"
673. shape,"1,934","6,250","8,184"
674. diptest,"1,931","27,162","29,093"
675. countrycode,"1,928",162,"2,090"
676. testit,"1,920","3,494","5,414"
677. R.oo,"1,912","22,442","24,354"
678. tidyjson,"1,912",492,"2,404"
679. irr,"1,911",474,"2,385"
680. janitor,"1,911",0,"1,911"
681. signal,"1,911","1,620","3,531"
682. excel.link,"1,899",0,"1,899"
683. Matching,"1,893","3,542","5,435"
684. rAmCharts,"1,892",0,"1,892"
685. afex,"1,889",983,"2,872"
686. rasterVis,"1,883","3,077","4,960"
687. BB,"1,880","3,132","5,012"
688. cvTools,"1,879","2,637","4,516"
689. fdrtool,"1,877","5,138","7,015"
690. koRpus,"1,871",868,"2,739"
691. rootSolve,"1,870",793,"2,663"
692. lessR,"1,867",0,"1,867"
693. effsize,"1,864",6,"1,870"
694. ggraph,"1,855",0,"1,855"
695. mongolite,"1,855",0,"1,855"
696. ggsci,"1,854","8,422","10,276"
697. TraMineR,"1,852",507,"2,359"
698. mboost,"1,846","3,535","5,381"
699. ggm,"1,845","4,816","6,661"
700. relimp,"1,842","11,742","13,584"
701. R2OpenBUGS,"1,841",538,"2,379"
702. compare,"1,840",90,"1,930"
703. anacor,"1,837",0,"1,837"
704. CausalImpact,"1,836",0,"1,836"
705. tables,"1,829","2,681","4,510"
706. beeswarm,"1,828","1,771","3,599"
707. BiasedUrn,"1,827","1,641","3,468"
708. wesanderson,"1,827",4,"1,831"
709. mediation,"1,822",419,"2,241"
710. seasonal,"1,821",758,"2,579"
711. CorReg,"1,819",0,"1,819"
712. coefplot,"1,816",96,"1,912"
713. systemfit,"1,814","3,258","5,072"
714. rggobi,"1,811","1,448","3,259"
715. dynamicTreeCut,"1,807","2,128","3,935"
716. syuzhet,"1,798","1,695","3,493"
717. sparkline,"1,796",0,"1,796"
718. inline,"1,786","7,639","9,425"
719. heatmaply,"1,786","1,561","3,347"
720. geoR,"1,785","3,251","5,036"
721. colorRamps,"1,785",978,"2,763"
722. clue,"1,785","2,504","4,289"
723. geojsonio,"1,776","2,749","4,525"
724. polycor,"1,774","3,518","5,292"
725. strucchange,"1,767","21,701","23,468"
726. VIF,"1,765",0,"1,765"
727. bestglm,"1,764",893,"2,657"
728. CompQuadForm,"1,764","1,015","2,779"
729. shrink,"1,760",5,"1,765"
730. sudokuAlt,"1,759",0,"1,759"
731. ordinal,"1,750","2,278","4,028"
732. fastICA,"1,749","4,864","6,613"
733. mixlm,"1,748",71,"1,819"
734. intergraph,"1,747",836,"2,583"
735. biclust,"1,747","1,795","3,542"
736. huge,"1,745","4,866","6,611"
737. tensorflow,"1,744",0,"1,744"
738. colourpicker,"1,740","3,124","4,864"
739. randomForestSRC,"1,737","1,757","3,494"
740. qqman,"1,734",72,"1,806"
741. dunn.test,"1,729","1,754","3,483"
742. tmap,"1,723","3,206","4,929"
743. sfsmisc,"1,723","6,074","7,797"
744. rbokeh,"1,722",10,"1,732"
745. evd,"1,720","1,976","3,696"
746. fda,"1,717","3,473","5,190"
747. jomo,"1,708",214,"1,922"
748. Boruta,"1,706",465,"2,171"
749. smooth,"1,700",298,"1,998"
750. gmm,"1,696","1,470","3,166"
751. Rfast,"1,687",314,"2,001"
752. hflights,"1,673",810,"2,483"
753. elasticnet,"1,672",845,"2,517"
754. sciplot,"1,671","1,741","3,412"
755. DataCombine,"1,668",33,"1,701"
756. githubinstall,"1,666",217,"1,883"
757. mRMRe,"1,666",131,"1,797"
758. Rsolnp,"1,664","5,576","7,240"
759. plumber,"1,661",116,"1,777"
760. gdalUtils,"1,660","2,735","4,395"
761. qdapRegex,"1,658","3,441","5,099"
762. SuppDists,"1,656","1,292","2,948"
763. lfe,"1,652",519,"2,171"
764. RSentiment,"1,652",0,"1,652"
765. Deducer,"1,648",875,"2,523"
766. ggpmisc,"1,647",0,"1,647"
767. gistr,"1,647","1,590","3,237"
768. sna,"1,646","10,926","12,572"
769. mvnormtest,"1,642","1,139","2,781"
770. rmeta,"1,632",847,"2,479"
771. poLCA,"1,632","1,201","2,833"
772. rminer,"1,632",0,"1,632"
773. rhandsontable,"1,630",105,"1,735"
774. relaimpo,"1,628",168,"1,796"
775. sn,"1,627","2,182","3,809"
776. prettyR,"1,626",57,"1,683"
777. RcppProgress,"1,625","6,208","7,833"
778. DDRTree,"1,625",0,"1,625"
779. penalized,"1,619","1,205","2,824"
780. polynom,"1,618","3,439","5,057"
781. usdm,"1,611",0,"1,611"
782. shapefiles,"1,611","3,172","4,783"
783. openair,"1,610",149,"1,759"
784. caretEnsemble,"1,607",0,"1,607"
785. RcmdrPlugin.UCA,"1,607",0,"1,607"
786. prob,"1,606",39,"1,645"
787. psy,"1,599",0,"1,599"
788. dtw,"1,591","2,260","3,851"
789. rgenoud,"1,589","4,617","6,206"
790. useful,"1,587","1,178","2,765"
791. ggExtra,"1,586",61,"1,647"
792. biglasso,"1,585",0,"1,585"
793. KMsurv,"1,584","2,902","4,486"
794. Ckmeans.1d.dp,"1,582",781,"2,363"
795. ucminf,"1,577","6,029","7,606"
796. ppcor,"1,576",22,"1,598"
797. fftw,"1,575",946,"2,521"
798. PMCMR,"1,575",224,"1,799"
799. flashClust,"1,571","10,594","12,165"
800. lambda.r,"1,567","20,584","22,151"
801. pkgmaker,"1,567","62,693","64,260"
802. changepoint,"1,563",419,"1,982"
803. mpoly,"1,563",21,"1,584"
804. energy,"1,561","2,011","3,572"
805. betareg,"1,560","2,870","4,430"
806. DEoptim,"1,558",622,"2,180"
807. spacetime,"1,542","6,421","7,963"
808. tikzDevice,"1,541","1,828","3,369"
809. WDI,"1,537","1,142","2,679"
810. fPortfolio,"1,535",446,"1,981"
811. text2vec,"1,533",261,"1,794"
812. babynames,"1,528",50,"1,578"
813. qpcR,"1,521",64,"1,585"
814. orcutt,"1,520",602,"2,122"
815. rcompanion,"1,519",0,"1,519"
816. intervals,"1,516","6,438","7,954"
817. prodlim,"1,512","10,048","11,560"
818. binom,"1,512",477,"1,989"
819. beepr,"1,503",65,"1,568"
820. TAM,"1,500","1,226","2,726"
821. UpSetR,"1,500",0,"1,500"
822. gee,"1,500","2,786","4,286"
823. sos,"1,496",95,"1,591"
824. optiSel,"1,494",0,"1,494"
825. urltools,"1,490","4,205","5,695"
826. earth,"1,489","9,438","10,927"
827. OpenStreetMap,"1,485",506,"1,991"
828. drc,"1,481",192,"1,673"
829. misc3d,"1,476","12,127","13,603"
830. HistData,"1,453","3,224","4,677"
831. monomvn,"1,448",0,"1,448"
832. fma,"1,448","20,529","21,977"
833. compute.es,"1,446",38,"1,484"
834. semPlot,"1,445","3,093","4,538"
835. Rook,"1,443","9,888","11,331"
836. sampleSelection,"1,438",748,"2,186"
837. pamr,"1,437","3,591","5,028"
838. threejs,"1,434","1,668","3,102"
839. doMPI,"1,431",924,"2,355"
840. bife,"1,430",0,"1,430"
841. adegenet,"1,429","1,859","3,288"
842. reticulate,"1,424","1,398","2,822"
843. tidyquant,"1,418",501,"1,919"
844. glm.predict,"1,418",0,"1,418"
845. likert,"1,417",489,"1,906"
846. glmulti,"1,417",75,"1,492"
847. NNS,"1,415",0,"1,415"
848. flexsurv,"1,415",811,"2,226"
849. Rblpapi,"1,413",0,"1,413"
850. som,"1,411","1,746","3,157"
851. rNOMADS,"1,403",0,"1,403"
852. cts,"1,403",149,"1,552"
853. pbivnorm,"1,402","8,899","10,301"
854. venneuler,"1,399","2,836","4,235"
855. RcppRoll,"1,398",20,"1,418"
856. RGtk2Extras,"1,395","1,498","2,893"
857. ghit,"1,391",142,"1,533"
858. joint.Cox,"1,384",0,"1,384"
859. aoos,"1,384",44,"1,428"
860. ctv,"1,383",0,"1,383"
861. mc2d,"1,382","2,149","3,531"
862. cfa,"1,381",0,"1,381"
863. runjags,"1,380",263,"1,643"
864. alr3,"1,378","1,515","2,893"
865. rstanarm,"1,377","2,812","4,189"
866. Rmpi,"1,375","2,132","3,507"
867. genoPlotR,"1,375",0,"1,375"
868. lpSolveAPI,"1,374",667,"2,041"
869. gpclib,"1,369",488,"1,857"
870. pmml,"1,368","2,216","3,584"
871. lm.beta,"1,368",0,"1,368"
872. manifestoR,"1,366",0,"1,366"
873. listviewer,"1,364","1,055","2,419"
874. asbio,"1,364",0,"1,364"
875. kinship2,"1,363","1,057","2,420"
876. dlm,"1,361",398,"1,759"
877. MALDIquant,"1,357",346,"1,703"
878. MBESS,"1,347","2,089","3,436"
879. covRobust,"1,347",2,"1,349"
880. CORElearn,"1,347","1,431","2,778"
881. latex2exp,"1,345",494,"1,839"
882. laeken,"1,342","6,049","7,391"
883. geometry,"1,342","2,374","3,716"
884. bipartite,"1,338",178,"1,516"
885. logspline,"1,337","1,033","2,370"
886. argparse,"1,335",586,"1,921"
887. bayesDP,"1,330",0,"1,330"
888. HSAUR2,"1,328","1,669","2,997"
889. tensor,"1,326","4,832","6,158"
890. clValid,"1,326",179,"1,505"
891. Rmpfr,"1,324","5,363","6,687"
892. CircStats,"1,323","2,734","4,057"
893. d3Network,"1,320","4,113","5,433"
894. FunChisq,"1,317",0,"1,317"
895. titanic,"1,315",0,"1,315"
896. BTLLasso,"1,314",0,"1,314"
897. picante,"1,314",623,"1,937"
898. timereg,"1,313","1,616","2,929"
899. GenSA,"1,312",766,"2,078"
900. rockchalk,"1,312","2,416","3,728"
901. basefun,"1,307",18,"1,325"
902. Kendall,"1,306","1,568","2,874"
903. BayesFactor,"1,306",642,"1,948"
904. prettyunits,"1,306","18,772","20,078"
905. heplots,"1,303","1,842","3,145"
906. rbenchmark,"1,302","2,682","3,984"
907. multicool,"1,298","6,350","7,648"
908. dfpk,"1,297",0,"1,297"
909. IgorR,"1,296",0,"1,296"
910. distances,"1,296",80,"1,376"
911. NeuralNetTools,"1,295",325,"1,620"
912. dfmta,"1,294",0,"1,294"
913. rmgarch,"1,292",12,"1,304"
914. DLMtool,"1,290",0,"1,290"
915. vcfR,"1,288",116,"1,404"
916. iplots,"1,288","2,598","3,886"
917. extRemes,"1,286",273,"1,559"
918. popbio,"1,286",0,"1,286"
919. dendroextras,"1,284",210,"1,494"
920. pso,"1,284",730,"2,014"
921. bigmemory,"1,283","2,471","3,754"
922. streamR,"1,283",191,"1,474"
923. exactRankTests,"1,279","2,430","3,709"
924. dfcomb,"1,278",0,"1,278"
925. stabs,"1,274","2,160","3,434"
926. MSBVAR,"1,273",1,"1,274"
927. samr,"1,269",96,"1,365"
928. AHMbook,"1,269",0,"1,269"
929. mda,"1,268","5,450","6,718"
930. RSpectra,"1,267","4,153","5,420"
931. randtoolbox,"1,266",508,"1,774"
932. rvcheck,"1,265",0,"1,265"
933. tsDyn,"1,261",42,"1,303"
934. Daim,"1,259",0,"1,259"
935. bsts,"1,256",351,"1,607"
936. magic,"1,255","3,645","4,900"
937. icesSAG,"1,253",0,"1,253"
938. CADFtest,"1,253",0,"1,253"
939. lda,"1,252","1,910","3,162"
940. dyn,"1,251",0,"1,251"
941. lava,"1,251","10,132","11,383"
942. d3heatmap,"1,250","1,934","3,184"
943. fdasrvf,"1,247",0,"1,247"
944. EMCluster,"1,239",48,"1,287"
945. KFAS,"1,236",662,"1,898"
946. kableExtra,"1,233",4,"1,237"
947. RQuantLib,"1,233",18,"1,251"
948. RUnit,"1,230","11,082","12,312"
949. metRology,"1,228",3,"1,231"
950. maptree,"1,226",458,"1,684"
951. MLmetrics,"1,226","2,939","4,165"
952. causaleffect,"1,224",0,"1,224"
953. waveslim,"1,224",817,"2,041"
954. dynr,"1,224",0,"1,224"
955. bootnet,"1,223",0,"1,223"
956. estimability,"1,220","6,652","7,872"
957. shinyFiles,"1,220",161,"1,381"
958. ndtv,"1,220","1,082","2,302"
959. snowFT,"1,218",422,"1,640"
960. nanotime,"1,218","2,238","3,456"
961. deepnet,"1,216",93,"1,309"
962. designmatch,"1,213",0,"1,213"
963. splm,"1,213",729,"1,942"
964. gamboostLSS,"1,212",450,"1,662"
965. mousetrap,"1,212",0,"1,212"
966. clusterGeneration,"1,210","1,594","2,804"
967. tuneR,"1,208",805,"2,013"
968. datasets.load,"1,207",0,"1,207"
969. tkrplot,"1,202","5,029","6,231"
970. fishmethods,"1,198",97,"1,295"
971. MTS,"1,197",34,"1,231"
972. sentimentr,"1,196",0,"1,196"
973. sjPlot,"1,194","3,256","4,450"
974. languageR,"1,193",40,"1,233"
975. naivebayes,"1,191",0,"1,191"
976. Cubist,"1,190","4,658","5,848"
977. BayesX,"1,189",743,"1,932"
978. itertools,"1,187","8,378","9,565"
979. rsvg,"1,186","1,066","2,252"
980. futile.options,"1,185","19,620","20,805"
981. debugme,"1,184",45,"1,229"
982. seewave,"1,181",254,"1,435"
983. bmixture,"1,180",0,"1,180"
984. IDPmisc,"1,180",141,"1,321"
985. forestplot,"1,180",380,"1,560"
986. mlxR,"1,180",0,"1,180"
987. WRS2,"1,179",956,"2,135"
988. CARBayes,"1,179",419,"1,598"
989. weights,"1,177",635,"1,812"
990. labdsv,"1,175",144,"1,319"
991. gimme,"1,174",0,"1,174"
992. corrr,"1,172",0,"1,172"
993. qtl,"1,172",546,"1,718"
994. udunits2,"1,171","9,828","10,999"
995. BradleyTerry2,"1,170","3,561","4,731"
996. OpenImageR,"1,169",204,"1,373"
997. jmv,"1,169",0,"1,169"
998. verification,"1,168",879,"2,047"
999. LatticeKrig,"1,166",0,"1,166"
1000. tableone,"1,166",57,"1,223"
